,loss,accuracy,val_loss,val_accuracy
0,0.8502511382102966,0.6153846383094788,3.6759912967681885,0.38461539149284363
